{"cameraMode":{"drawMode":0,"name":"Shaded","section":"Shading Mode"},"sceneLighting":true,"audioPlay":false,"sceneViewState":{"m_AlwaysRefresh":false,"showFog":true,"showSkybox":true,"showFlares":true,"showImageEffects":true,"showParticleSystems":true,"showVisualEffectGraphs":true,"m_FxEnabled":true},"in2DMode":false,"pivot":{"x":531.0026245117188,"y":284.55908203125,"z":377.1088562011719},"rotation":{"x":-0.018310390412807466,"y":-0.0027158865705132486,"z":0.00005142308509675786,"w":-0.9998345375061035},"size":408.8352966308594,"orthographic":false}