{"cameraMode":{"drawMode":0,"name":"Shaded","section":"Shading Mode"},"sceneLighting":true,"audioPlay":false,"sceneViewState":{"m_AlwaysRefresh":false,"showFog":true,"showSkybox":true,"showFlares":true,"showImageEffects":true,"showParticleSystems":true,"showVisualEffectGraphs":true,"m_FxEnabled":true},"in2DMode":false,"pivot":{"x":0.0016341134905815125,"y":9.613142013549805,"z":-4.823233127593994},"rotation":{"x":-0.5504546165466309,"y":-0.0005082340794615448,"z":0.000305114226648584,"w":-0.8348873853683472},"size":1.0495811700820923,"orthographic":false}