{"cameraMode":{"drawMode":0,"name":"Shaded","section":"Shading Mode"},"sceneLighting":true,"audioPlay":false,"sceneViewState":{"m_AlwaysRefresh":false,"showFog":true,"showSkybox":true,"showFlares":true,"showImageEffects":true,"showParticleSystems":true,"showVisualEffectGraphs":true,"m_FxEnabled":true},"in2DMode":false,"pivot":{"x":-0.445077121257782,"y":6.946027755737305,"z":-5.664030075073242},"rotation":{"x":-0.43713057041168215,"y":-0.0005435576313175261,"z":0.0002365016407566145,"w":-0.8994196057319641},"size":1.0495811700820923,"orthographic":false}